{"chunk_definitions":[{"chunk_id":"ct3lamfw4tt2h","chunk_label":"unnamed-chunk-1","document_id":"E0D753BB","expansion_state":0,"options":{"engine":"r","label":"unnamed-chunk-2"},"row":16,"row_count":1,"visible":true},{"chunk_id":"cacez6rltbfvz","chunk_label":"unnamed-chunk-2","document_id":"E0D753BB","expansion_state":0,"options":{"engine":"r","label":"unnamed-chunk-4"},"row":23,"row_count":1,"visible":true},{"chunk_id":"cww58oiiwmr22","chunk_label":"unnamed-chunk-3","document_id":"E0D753BB","expansion_state":0,"options":{"engine":"r","label":"unnamed-chunk-11"},"row":33,"row_count":1,"visible":true}],"doc_write_time":1581505541}