{"chunk_definitions":[{"chunk_id":"cmuy3paoe3s04","chunk_label":"unnamed-chunk-1","document_id":"E0D753BB","expansion_state":0,"options":{"engine":"r","label":"unnamed-chunk-2"},"row":16,"row_count":1,"visible":true},{"chunk_id":"cacez6rltbfvz","chunk_label":"unnamed-chunk-2","document_id":"E0D753BB","expansion_state":0,"options":{"engine":"r","label":"unnamed-chunk-8"},"row":23,"row_count":1,"visible":true},{"chunk_id":"cww58oiiwmr22","chunk_label":"unnamed-chunk-3","document_id":"E0D753BB","expansion_state":0,"options":{"engine":"r","label":"unnamed-chunk-11"},"row":33,"row_count":1,"visible":true}],"chunk_rendered_width":687,"doc_write_time":1581413082}