{"chunk_definitions":[{"chunk_id":"cuifppt6wx6mq","chunk_label":"unnamed-chunk-1","document_id":"E0D753BB","expansion_state":0,"options":{"engine":"r","label":"unnamed-chunk-4"},"row":22,"row_count":1,"visible":true},{"chunk_id":"ce13mm0nvjfxu","chunk_label":"unnamed-chunk-2","document_id":"E0D753BB","expansion_state":0,"options":{},"row":29,"row_count":1,"visible":true},{"chunk_id":"c9qo9r4plvqxf","chunk_label":"unnamed-chunk-3","document_id":"E0D753BB","expansion_state":0,"options":{"engine":"r","label":"unnamed-chunk-3"},"row":32,"row_count":1,"visible":true},{"chunk_id":"cn8ukq9xdjmb7","chunk_label":"unnamed-chunk-4","document_id":"E0D753BB","expansion_state":0,"options":{"engine":"r","label":"unnamed-chunk-22"},"row":41,"row_count":1,"visible":true},{"chunk_id":"co4o2q5gu32nh","chunk_label":"unnamed-chunk-5","document_id":"E0D753BB","expansion_state":0,"options":{"engine":"r","label":"unnamed-chunk-16"},"row":46,"row_count":1,"visible":true},{"chunk_id":"cw0jvjwi95wsx","chunk_label":"unnamed-chunk-6","document_id":"E0D753BB","expansion_state":0,"options":{"engine":"r","label":"unnamed-chunk-13"},"row":52,"row_count":1,"visible":true},{"chunk_id":"cijjoeyp25zey","chunk_label":"unnamed-chunk-7","document_id":"E0D753BB","expansion_state":0,"options":{"engine":"r","label":"unnamed-chunk-14"},"row":60,"row_count":1,"visible":true},{"chunk_id":"c1bibh4jvmszd","chunk_label":"unnamed-chunk-9","document_id":"E0D753BB","expansion_state":0,"options":{"engine":"r","label":"unnamed-chunk-2"},"row":75,"row_count":1,"visible":true}],"chunk_rendered_width":700,"doc_write_time":1575900813}